[
    {
        "question": "O que é JavaScript?",
        "options": [
            "Uma linguagem de programação",
            "Um framework",
            "Uma biblioteca de CSS",
            "Um banco de dados"
        ],
        "answer": 0
    },
    {
        "question": "Qual a diferença entre var, let e const?",
        "options": [
            "Nenhuma diferença",
            "Só a visibilidade",
            "Escopo e mutabilidade",
            "Somente const não pode ser mudado"
        ],
        "answer": 2
    },
    {
        "question": "O que é o DOM?",
        "options": [
            "Document Object Model",
            "Data Object Model",
            "Digital Object Model",
            "Document Object Module"
        ],
        "answer": 0
    },
    {
        "question": "Qual é a função do método `push()` em um array?",
        "options": [
            "Adicionar um elemento ao final do array",
            "Remover o último elemento do array",
            "Adicionar um elemento no início do array",
            "Ordenar os elementos do array"
        ],
        "answer": 0
    },
    {
        "question": "O que faz o método `parseInt()` em JavaScript?",
        "options": [
            "Converte uma string em um número inteiro",
            "Converte um número em uma string",
            "Converte uma string em um número decimal",
            "Nenhuma das opções"
        ],
        "answer": 0
    },
    {
        "question": "Qual desses é um tipo de dado primitivo em JavaScript?",
        "options": [
            "Object",
            "Array",
            "String",
            "Function"
        ],
        "answer": 2
    },
    {
        "question": "O que faz a palavra-chave `this` em JavaScript?",
        "options": [
            "Refere-se ao objeto global",
            "Refere-se ao objeto atual",
            "Refere-se ao objeto pai",
            "Refere-se ao construtor"
        ],
        "answer": 1
    },
    {
        "question": "Qual dos seguintes é um evento em JavaScript?",
        "options": [
            "click",
            "console",
            "alert",
            "log"
        ],
        "answer": 0
    },
    {
        "question": "Qual é a finalidade da função `setTimeout()`?",
        "options": [
            "Executar uma função após um intervalo de tempo",
            "Executar uma função imediatamente",
            "Definir um timer",
            "Nenhuma das opções"
        ],
        "answer": 0
    },
    {
        "question": "Qual das seguintes opções é uma maneira de declarar uma função em JavaScript?",
        "options": [
            "function myFunction() {}",
            "var myFunction = function() {}",
            "const myFunction = () => {}",
            "Todas as opções estão corretas"
        ],
        "answer": 3
    }
]
